Workbook

Sheet 数据栏
A1: Potential | B1: 2 | C1: 5 | D1: 10 | E1: 20 | F1: 50 | G1: 100 | H1: 200
A2: -0.8
A3: -0.799
A4: -0.798
A5: -0.797
A6: -0.796
A7: -0.795
A8: -0.794
A9: -0.793
A10: -0.792
A11: -0.791
A12: -0.79
A13: -0.789
... A3202: -0.8

Sheet 处理栏
J1: 开根号 | R1: 电流/根号电压 | AB1: k1*扫速
A2: 实时电压 | B2: 扫速 | I2: 扫速 | J2: =B3 | K2: =C3 | L2: =D3 | M2: =E3 | N2: =F3 | O2: =G3 | P2: =H3 | Q2: 扫速 | R2: =B3 | S2: =C3 | T2: =D3 | U2: =E3 | V2: =F3 | W2: =G3 | X2: =H3 | Z2: k1 | AA2: k2 | AB2: =R2 | AC2: =S2 | AD2: =T2 | AE2: =U2 | AF2: =V2 | AG2: =W2 | AH2: =X2
B3: 2 | C3: 5 | D3: 10 | E3: 20 | F3: 50 | G3: 100 | H3: 200 | I3: 扫速开根号 | J3: =POWER(B3,1/2) | K3: =POWER(C3,1/2) | L3: =POWER(D3,1/2) | M3: =POWER(E3,1/2) | N3: =POWER(F3,1/2) | O3: =POWER(G3,1/2) | P3: =POWER(H3,1/2) | R3: =B4/$J$3 | S3: =C4/$K$3 | T3: =D4/$L$3 | U3: =E4/$M$3 | V3: =F4/$N$3 | W3: =G4/$O$3 | X3: =H4/$P$3 | Z3: =SLOPE(R3:X3,$J$3:$P$3) | AA3: =INTERCEPT(R3:X3,$J$3:$P$3) | AB3: =Z3*$AB$2 | AC3: =Z3*$AC$2 | AD3: =Z3*$AD$2 | AE3: =Z3*$AE$2 | AF3: =Z3*$AF$2 | AG3: =Z3*$AG$2 | AH3: =Z3*$AH$2
A4: =数据栏!A2 | B4: =数据栏!B2 | C4: =数据栏!C2 | D4: =数据栏!D2 | E4: =数据栏!E2 | F4: =数据栏!F2 | G4: =数据栏!G2 | H4: =数据栏!H2 | R4: =B5/$J$3 | S4: =C5/$K$3 | T4: =D5/$L$3 | U4: =E5/$M$3 | V4: =F5/$N$3 | W4: =G5/$O$3 | X4: =H5/$P$3 | Z4: =SLOPE(R4:X4,$J$3:$P$3) | AA4: =INTERCEPT(R4:X4,$J$3:$P$3) | AB4: =Z4*$AB$2 | AC4: =Z4*$AC$2 | AD4: =Z4*$AD$2 | AE4: =Z4*$AE$2 | AF4: =Z4*$AF$2 | AG4: =Z4*$AG$2 | AH4: =Z4*$AH$2
A5: =数据栏!A3 | B5: =数据栏!B3 | C5: =数据栏!C3 | D5: =数据栏!D3 | E5: =数据栏!E3 | F5: =数据栏!F3 | G5: =数据栏!G3 | H5: =数据栏!H3 | R5: =B6/$J$3 | S5: =C6/$K$3 | T5: =D6/$L$3 | U5: =E6/$M$3 | V5: =F6/$N$3 | W5: =G6/$O$3 | X5: =H6/$P$3 | Z5: =SLOPE(R5:X5,$J$3:$P$3) | AA5: =INTERCEPT(R5:X5,$J$3:$P$3) | AB5: =Z5*$AB$2 | AC5: =Z5*$AC$2 | AD5: =Z5*$AD$2 | AE5: =Z5*$AE$2 | AF5: =Z5*$AF$2 | AG5: =Z5*$AG$2 | AH5: =Z5*$AH$2
A6: =数据栏!A4 | B6: =数据栏!B4 | C6: =数据栏!C4 | D6: =数据栏!D4 | E6: =数据栏!E4 | F6: =数据栏!F4 | G6: =数据栏!G4 | H6: =数据栏!H4 | R6: =B7/$J$3 | S6: =C7/$K$3 | T6: =D7/$L$3 | U6: =E7/$M$3 | V6: =F7/$N$3 | W6: =G7/$O$3 | X6: =H7/$P$3 | Z6: =SLOPE(R6:X6,$J$3:$P$3) | AA6: =INTERCEPT(R6:X6,$J$3:$P$3) | AB6: =Z6*$AB$2 | AC6: =Z6*$AC$2 | AD6: =Z6*$AD$2 | AE6: =Z6*$AE$2 | AF6: =Z6*$AF$2 | AG6: =Z6*$AG$2 | AH6: =Z6*$AH$2
A7: =数据栏!A5 | B7: =数据栏!B5 | C7: =数据栏!C5 | D7: =数据栏!D5 | E7: =数据栏!E5 | F7: =数据栏!F5 | G7: =数据栏!G5 | H7: =数据栏!H5 | R7: =B8/$J$3 | S7: =C8/$K$3 | T7: =D8/$L$3 | U7: =E8/$M$3 | V7: =F8/$N$3 | W7: =G8/$O$3 | X7: =H8/$P$3 | Z7: =SLOPE(R7:X7,$J$3:$P$3) | AA7: =INTERCEPT(R7:X7,$J$3:$P$3) | AB7: =Z7*$AB$2 | AC7: =Z7*$AC$2 | AD7: =Z7*$AD$2 | AE7: =Z7*$AE$2 | AF7: =Z7*$AF$2 | AG7: =Z7*$AG$2 | AH7: =Z7*$AH$2
A8: =数据栏!A6 | B8: =数据栏!B6 | C8: =数据栏!C6 | D8: =数据栏!D6 | E8: =数据栏!E6 | F8: =数据栏!F6 | G8: =数据栏!G6 | H8: =数据栏!H6 | R8: =B9/$J$3 | S8: =C9/$K$3 | T8: =D9/$L$3 | U8: =E9/$M$3 | V8: =F9/$N$3 | W8: =G9/$O$3 | X8: =H9/$P$3 | Z8: =SLOPE(R8:X8,$J$3:$P$3) | AA8: =INTERCEPT(R8:X8,$J$3:$P$3) | AB8: =Z8*$AB$2 | AC8: =Z8*$AC$2 | AD8: =Z8*$AD$2 | AE8: =Z8*$AE$2 | AF8: =Z8*$AF$2 | AG8: =Z8*$AG$2 | AH8: =Z8*$AH$2
A9: =数据栏!A7 | B9: =数据栏!B7 | C9: =数据栏!C7 | D9: =数据栏!D7 | E9: =数据栏!E7 | F9: =数据栏!F7 | G9: =数据栏!G7 | H9: =数据栏!H7 | R9: =B10/$J$3 | S9: =C10/$K$3 | T9: =D10/$L$3 | U9: =E10/$M$3 | V9: =F10/$N$3 | W9: =G10/$O$3 | X9: =H10/$P$3 | Z9: =SLOPE(R9:X9,$J$3:$P$3) | AA9: =INTERCEPT(R9:X9,$J$3:$P$3) | AB9: =Z9*$AB$2 | AC9: =Z9*$AC$2 | AD9: =Z9*$AD$2 | AE9: =Z9*$AE$2 | AF9: =Z9*$AF$2 | AG9: =Z9*$AG$2 | AH9: =Z9*$AH$2
A10: =数据栏!A8 | B10: =数据栏!B8 | C10: =数据栏!C8 | D10: =数据栏!D8 | E10: =数据栏!E8 | F10: =数据栏!F8 | G10: =数据栏!G8 | H10: =数据栏!H8 | R10: =B11/$J$3 | S10: =C11/$K$3 | T10: =D11/$L$3 | U10: =E11/$M$3 | V10: =F11/$N$3 | W10: =G11/$O$3 | X10: =H11/$P$3 | Z10: =SLOPE(R10:X10,$J$3:$P$3) | AA10: =INTERCEPT(R10:X10,$J$3:$P$3) | AB10: =Z10*$AB$2 | AC10: =Z10*$AC$2 | AD10: =Z10*$AD$2 | AE10: =Z10*$AE$2 | AF10: =Z10*$AF$2 | AG10: =Z10*$AG$2 | AH10: =Z10*$AH$2
A11: =数据栏!A9 | B11: =数据栏!B9 | C11: =数据栏!C9 | D11: =数据栏!D9 | E11: =数据栏!E9 | F11: =数据栏!F9 | G11: =数据栏!G9 | H11: =数据栏!H9 | R11: =B12/$J$3 | S11: =C12/$K$3 | T11: =D12/$L$3 | U11: =E12/$M$3 | V11: =F12/$N$3 | W11: =G12/$O$3 | X11: =H12/$P$3 | Z11: =SLOPE(R11:X11,$J$3:$P$3) | AA11: =INTERCEPT(R11:X11,$J$3:$P$3) | AB11: =Z11*$AB$2 | AC11: =Z11*$AC$2 | AD11: =Z11*$AD$2 | AE11: =Z11*$AE$2 | AF11: =Z11*$AF$2 | AG11: =Z11*$AG$2 | AH11: =Z11*$AH$2
A12: =数据栏!A10 | B12: =数据栏!B10 | C12: =数据栏!C10 | D12: =数据栏!D10 | E12: =数据栏!E10 | F12: =数据栏!F10 | G12: =数据栏!G10 | H12: =数据栏!H10 | R12: =B13/$J$3 | S12: =C13/$K$3 | T12: =D13/$L$3 | U12: =E13/$M$3 | V12: =F13/$N$3 | W12: =G13/$O$3 | X12: =H13/$P$3 | Z12: =SLOPE(R12:X12,$J$3:$P$3) | AA12: =INTERCEPT(R12:X12,$J$3:$P$3) | AB12: =Z12*$AB$2 | AC12: =Z12*$AC$2 | AD12: =Z12*$AD$2 | AE12: =Z12*$AE$2 | AF12: =Z12*$AF$2 | AG12: =Z12*$AG$2 | AH12: =Z12*$AH$2
A13: =数据栏!A11 | B13: =数据栏!B11 | C13: =数据栏!C11 | D13: =数据栏!D11 | E13: =数据栏!E11 | F13: =数据栏!F11 | G13: =数据栏!G11 | H13: =数据栏!H11 | R13: =B14/$J$3 | S13: =C14/$K$3 | T13: =D14/$L$3 | U13: =E14/$M$3 | V13: =F14/$N$3 | W13: =G14/$O$3 | X13: =H14/$P$3 | Z13: =SLOPE(R13:X13,$J$3:$P$3) | AA13: =INTERCEPT(R13:X13,$J$3:$P$3) | AB13: =Z13*$AB$2 | AC13: =Z13*$AC$2 | AD13: =Z13*$AD$2 | AE13: =Z13*$AE$2 | AF13: =Z13*$AF$2 | AG13: =Z13*$AG$2 | AH13: =Z13*$AH$2
A14: =数据栏!A12 | B14: =数据栏!B12 | C14: =数据栏!C12 | D14: =数据栏!D12 | E14: =数据栏!E12 | F14: =数据栏!F12 | G14: =数据栏!G12 | H14: =数据栏!H12 | R14: =B15/$J$3 | S14: =C15/$K$3 | T14: =D15/$L$3 | U14: =E15/$M$3 | V14: =F15/$N$3 | W14: =G15/$O$3 | X14: =H15/$P$3 | Z14: =SLOPE(R14:X14,$J$3:$P$3) | AA14: =INTERCEPT(R14:X14,$J$3:$P$3) | AB14: =Z14*$AB$2 | AC14: =Z14*$AC$2 | AD14: =Z14*$AD$2 | AE14: =Z14*$AE$2 | AF14: =Z14*$AF$2 | AG14: =Z14*$AG$2 | AH14: =Z14*$AH$2
A15: =数据栏!A13 | B15: =数据栏!B13 | C15: =数据栏!C13 | D15: =数据栏!D13 | E15: =数据栏!E13 | F15: =数据栏!F13 | G15: =数据栏!G13 | H15: =数据栏!H13 | R15: =B16/$J$3 | S15: =C16/$K$3 | T15: =D16/$L$3 | U15: =E16/$M$3 | V15: =F16/$N$3 | W15: =G16/$O$3 | X15: =H16/$P$3 | Z15: =SLOPE(R15:X15,$J$3:$P$3) | AA15: =INTERCEPT(R15:X15,$J$3:$P$3) | AB15: =Z15*$AB$2 | AC15: =Z15*$AC$2 | AD15: =Z15*$AD$2 | AE15: =Z15*$AE$2 | AF15: =Z15*$AF$2 | AG15: =Z15*$AG$2 | AH15: =Z15*$AH$2
... A3204: =数据栏!A3202 | B3204: =数据栏!B3202 | C3204: =数据栏!C3202 | D3204: =数据栏!D3202 | E3204: =数据栏!E3202 | F3204: =数据栏!F3202 | G3204: =数据栏!G3202 | H3204: =数据栏!H3202 | R3204: =B3205/$J$3 | S3204: =C3205/$K$3 | T3204: =D3205/$L$3 | U3204: =E3205/$M$3 | V3204: =F3205/$N$3 | W3204: =G3205/$O$3 | X3204: =H3205/$P$3 | Z3204: =SLOPE(R3204:X3204,$J$3:$P$3) | AA3204: =INTERCEPT(R3204:X3204,$J$3:$P$3) | AB3204: =Z3204*$AB$2 | AC3204: =Z3204*$AC$2 | AD3204: =Z3204*$AD$2 | AE3204: =Z3204*$AE$2 | AF3204: =Z3204*$AF$2 | AG3204: =Z3204*$AG$2 | AH3204: =Z3204*$AH$2

Sheet 结果栏
A1: =数据栏!A1 | B1: 2 | C1: 5 | D1: 10 | E1: 20 | F1: 50 | G1: 100 | H1: 200 | I1: k1*2 | J1: k1*5 | K1: k1*10 | L1: k1*20 | M1: k1*50 | N1: k1*100 | O1: k1*200 | P1: 积分 | Q1: 2 | R1: 5 | S1: 10 | T1: 20 | U1: 50 | V1: 100 | W1: 200 | X1: k1*2 | Y1: k1*5 | Z1: k1*10 | AA1: k1*20 | AB1: k1*50 | AC1: k1*100 | AD1: k1*200
A2: =处理栏!A4 | B2: =处理栏!B4 | C2: =处理栏!C4 | D2: =处理栏!D4 | E2: =处理栏!E4 | F2: =处理栏!F4 | G2: =处理栏!G4 | H2: =处理栏!H4 | I2: =处理栏!AB3 | J2: =处理栏!AC3 | K2: =处理栏!AD3 | L2: =处理栏!AE3 | M2: =处理栏!AF3 | N2: =处理栏!AG3 | O2: =处理栏!AH3 | Q2: =(B2+B3)/2*($A$3-$A$2) | R2: =(C2+C3)/2*(A3-A2) | S2: =(D2+D3)/2*(A3-A2) | T2: =(E2+E3)/2*(A3-A2) | U2: =(F2+F3)/2*($A3-$A2) | V2: =(G2+G3)/2*($A3-$A2) | W2: =(H2+H3)/2*($A3-$A2) | X2: =(I2+I3)/2*($A3-$A2) | Y2: =(J2+J3)/2*($A3-$A2) | Z2: =(K2+K3)/2*($A3-$A2) | AA2: =(L2+L3)/2*($A3-$A2) | AB2: =(M2+M3)/2*($A3-$A2) | ... AD2: =(O2+O3)/2*($A3-$A2)
A3: =处理栏!A5 | B3: =处理栏!B5 | C3: =处理栏!C5 | D3: =处理栏!D5 | E3: =处理栏!E5 | F3: =处理栏!F5 | G3: =处理栏!G5 | H3: =处理栏!H5 | I3: =处理栏!AB4 | J3: =处理栏!AC4 | K3: =处理栏!AD4 | L3: =处理栏!AE4 | M3: =处理栏!AF4 | N3: =处理栏!AG4 | O3: =处理栏!AH4 | Q3: =(B3+B4)/2*(A4-A3) | R3: =(C3+C4)/2*(A4-A3) | S3: =(D3+D4)/2*(A4-A3) | T3: =(E3+E4)/2*(A4-A3) | U3: =(F3+F4)/2*($A4-$A3) | V3: =(G3+G4)/2*($A4-$A3) | W3: =(H3+H4)/2*($A4-$A3) | X3: =(I3+I4)/2*($A4-$A3) | Y3: =(J3+J4)/2*($A4-$A3) | Z3: =(K3+K4)/2*($A4-$A3) | AA3: =(L3+L4)/2*($A4-$A3) | AB3: =(M3+M4)/2*($A4-$A3) | ... AD3: =(O3+O4)/2*($A4-$A3)
A4: =处理栏!A6 | B4: =处理栏!B6 | C4: =处理栏!C6 | D4: =处理栏!D6 | E4: =处理栏!E6 | F4: =处理栏!F6 | G4: =处理栏!G6 | H4: =处理栏!H6 | I4: =处理栏!AB5 | J4: =处理栏!AC5 | K4: =处理栏!AD5 | L4: =处理栏!AE5 | M4: =处理栏!AF5 | N4: =处理栏!AG5 | O4: =处理栏!AH5 | Q4: =(B4+B5)/2*(A5-A4) | R4: =(C4+C5)/2*(A5-A4) | S4: =(D4+D5)/2*(A5-A4) | T4: =(E4+E5)/2*(A5-A4) | U4: =(F4+F5)/2*($A5-$A4) | V4: =(G4+G5)/2*($A5-$A4) | W4: =(H4+H5)/2*($A5-$A4) | X4: =(I4+I5)/2*($A5-$A4) | Y4: =(J4+J5)/2*($A5-$A4) | Z4: =(K4+K5)/2*($A5-$A4) | AA4: =(L4+L5)/2*($A5-$A4) | AB4: =(M4+M5)/2*($A5-$A4) | ... AD4: =(O4+O5)/2*($A5-$A4)
A5: =处理栏!A7 | B5: =处理栏!B7 | C5: =处理栏!C7 | D5: =处理栏!D7 | E5: =处理栏!E7 | F5: =处理栏!F7 | G5: =处理栏!G7 | H5: =处理栏!H7 | I5: =处理栏!AB6 | J5: =处理栏!AC6 | K5: =处理栏!AD6 | L5: =处理栏!AE6 | M5: =处理栏!AF6 | N5: =处理栏!AG6 | O5: =处理栏!AH6 | Q5: =(B5+B6)/2*(A6-A5) | R5: =(C5+C6)/2*(A6-A5) | S5: =(D5+D6)/2*(A6-A5) | T5: =(E5+E6)/2*(A6-A5) | U5: =(F5+F6)/2*($A6-$A5) | V5: =(G5+G6)/2*($A6-$A5) | W5: =(H5+H6)/2*($A6-$A5) | X5: =(I5+I6)/2*($A6-$A5) | Y5: =(J5+J6)/2*($A6-$A5) | Z5: =(K5+K6)/2*($A6-$A5) | AA5: =(L5+L6)/2*($A6-$A5) | AB5: =(M5+M6)/2*($A6-$A5) | ... AD5: =(O5+O6)/2*($A6-$A5)
A6: =处理栏!A8 | B6: =处理栏!B8 | C6: =处理栏!C8 | D6: =处理栏!D8 | E6: =处理栏!E8 | F6: =处理栏!F8 | G6: =处理栏!G8 | H6: =处理栏!H8 | I6: =处理栏!AB7 | J6: =处理栏!AC7 | K6: =处理栏!AD7 | L6: =处理栏!AE7 | M6: =处理栏!AF7 | N6: =处理栏!AG7 | O6: =处理栏!AH7 | Q6: =(B6+B7)/2*(A7-A6) | R6: =(C6+C7)/2*(A7-A6) | S6: =(D6+D7)/2*(A7-A6) | T6: =(E6+E7)/2*(A7-A6) | U6: =(F6+F7)/2*($A7-$A6) | V6: =(G6+G7)/2*($A7-$A6) | W6: =(H6+H7)/2*($A7-$A6) | X6: =(I6+I7)/2*($A7-$A6) | Y6: =(J6+J7)/2*($A7-$A6) | Z6: =(K6+K7)/2*($A7-$A6) | AA6: =(L6+L7)/2*($A7-$A6) | AB6: =(M6+M7)/2*($A7-$A6) | ... AD6: =(O6+O7)/2*($A7-$A6)
A7: =处理栏!A9 | B7: =处理栏!B9 | C7: =处理栏!C9 | D7: =处理栏!D9 | E7: =处理栏!E9 | F7: =处理栏!F9 | G7: =处理栏!G9 | H7: =处理栏!H9 | I7: =处理栏!AB8 | J7: =处理栏!AC8 | K7: =处理栏!AD8 | L7: =处理栏!AE8 | M7: =处理栏!AF8 | N7: =处理栏!AG8 | O7: =处理栏!AH8 | Q7: =(B7+B8)/2*(A8-A7) | R7: =(C7+C8)/2*(A8-A7) | S7: =(D7+D8)/2*(A8-A7) | T7: =(E7+E8)/2*(A8-A7) | U7: =(F7+F8)/2*($A8-$A7) | V7: =(G7+G8)/2*($A8-$A7) | W7: =(H7+H8)/2*($A8-$A7) | X7: =(I7+I8)/2*($A8-$A7) | Y7: =(J7+J8)/2*($A8-$A7) | Z7: =(K7+K8)/2*($A8-$A7) | AA7: =(L7+L8)/2*($A8-$A7) | AB7: =(M7+M8)/2*($A8-$A7) | ... AD7: =(O7+O8)/2*($A8-$A7)
A8: =处理栏!A10 | B8: =处理栏!B10 | C8: =处理栏!C10 | D8: =处理栏!D10 | E8: =处理栏!E10 | F8: =处理栏!F10 | G8: =处理栏!G10 | H8: =处理栏!H10 | I8: =处理栏!AB9 | J8: =处理栏!AC9 | K8: =处理栏!AD9 | L8: =处理栏!AE9 | M8: =处理栏!AF9 | N8: =处理栏!AG9 | O8: =处理栏!AH9 | Q8: =(B8+B9)/2*(A9-A8) | R8: =(C8+C9)/2*(A9-A8) | S8: =(D8+D9)/2*(A9-A8) | T8: =(E8+E9)/2*(A9-A8) | U8: =(F8+F9)/2*($A9-$A8) | V8: =(G8+G9)/2*($A9-$A8) | W8: =(H8+H9)/2*($A9-$A8) | X8: =(I8+I9)/2*($A9-$A8) | Y8: =(J8+J9)/2*($A9-$A8) | Z8: =(K8+K9)/2*($A9-$A8) | AA8: =(L8+L9)/2*($A9-$A8) | AB8: =(M8+M9)/2*($A9-$A8) | ... AD8: =(O8+O9)/2*($A9-$A8)
A9: =处理栏!A11 | B9: =处理栏!B11 | C9: =处理栏!C11 | D9: =处理栏!D11 | E9: =处理栏!E11 | F9: =处理栏!F11 | G9: =处理栏!G11 | H9: =处理栏!H11 | I9: =处理栏!AB10 | J9: =处理栏!AC10 | K9: =处理栏!AD10 | L9: =处理栏!AE10 | M9: =处理栏!AF10 | N9: =处理栏!AG10 | O9: =处理栏!AH10 | Q9: =(B9+B10)/2*(A10-A9) | R9: =(C9+C10)/2*(A10-A9) | S9: =(D9+D10)/2*(A10-A9) | T9: =(E9+E10)/2*(A10-A9) | U9: =(F9+F10)/2*($A10-$A9) | V9: =(G9+G10)/2*($A10-$A9) | W9: =(H9+H10)/2*($A10-$A9) | X9: =(I9+I10)/2*($A10-$A9) | Y9: =(J9+J10)/2*($A10-$A9) | Z9: =(K9+K10)/2*($A10-$A9) | AA9: =(L9+L10)/2*($A10-$A9) | AB9: =(M9+M10)/2*($A10-$A9) | ... AD9: =(O9+O10)/2*($A10-$A9)
A10: =处理栏!A12 | B10: =处理栏!B12 | C10: =处理栏!C12 | D10: =处理栏!D12 | E10: =处理栏!E12 | F10: =处理栏!F12 | G10: =处理栏!G12 | H10: =处理栏!H12 | I10: =处理栏!AB11 | J10: =处理栏!AC11 | K10: =处理栏!AD11 | L10: =处理栏!AE11 | M10: =处理栏!AF11 | N10: =处理栏!AG11 | O10: =处理栏!AH11 | Q10: =(B10+B11)/2*(A11-A10) | R10: =(C10+C11)/2*(A11-A10) | S10: =(D10+D11)/2*(A11-A10) | T10: =(E10+E11)/2*(A11-A10) | U10: =(F10+F11)/2*($A11-$A10) | V10: =(G10+G11)/2*($A11-$A10) | W10: =(H10+H11)/2*($A11-$A10) | X10: =(I10+I11)/2*($A11-$A10) | Y10: =(J10+J11)/2*($A11-$A10) | Z10: =(K10+K11)/2*($A11-$A10) | AA10: =(L10+L11)/2*($A11-$A10) | AB10: =(M10+M11)/2*($A11-$A10) | ... AD10: =(O10+O11)/2*($A11-$A10)
A11: =处理栏!A13 | B11: =处理栏!B13 | C11: =处理栏!C13 | D11: =处理栏!D13 | E11: =处理栏!E13 | F11: =处理栏!F13 | G11: =处理栏!G13 | H11: =处理栏!H13 | I11: =处理栏!AB12 | J11: =处理栏!AC12 | K11: =处理栏!AD12 | L11: =处理栏!AE12 | M11: =处理栏!AF12 | N11: =处理栏!AG12 | O11: =处理栏!AH12 | Q11: =(B11+B12)/2*(A12-A11) | R11: =(C11+C12)/2*(A12-A11) | S11: =(D11+D12)/2*(A12-A11) | T11: =(E11+E12)/2*(A12-A11) | U11: =(F11+F12)/2*($A12-$A11) | V11: =(G11+G12)/2*($A12-$A11) | W11: =(H11+H12)/2*($A12-$A11) | X11: =(I11+I12)/2*($A12-$A11) | Y11: =(J11+J12)/2*($A12-$A11) | Z11: =(K11+K12)/2*($A12-$A11) | AA11: =(L11+L12)/2*($A12-$A11) | AB11: =(M11+M12)/2*($A12-$A11) | ... AD11: =(O11+O12)/2*($A12-$A11)
A12: =处理栏!A14 | B12: =处理栏!B14 | C12: =处理栏!C14 | D12: =处理栏!D14 | E12: =处理栏!E14 | F12: =处理栏!F14 | G12: =处理栏!G14 | H12: =处理栏!H14 | I12: =处理栏!AB13 | J12: =处理栏!AC13 | K12: =处理栏!AD13 | L12: =处理栏!AE13 | M12: =处理栏!AF13 | N12: =处理栏!AG13 | O12: =处理栏!AH13 | Q12: =(B12+B13)/2*(A13-A12) | R12: =(C12+C13)/2*(A13-A12) | S12: =(D12+D13)/2*(A13-A12) | T12: =(E12+E13)/2*(A13-A12) | U12: =(F12+F13)/2*($A13-$A12) | V12: =(G12+G13)/2*($A13-$A12) | W12: =(H12+H13)/2*($A13-$A12) | X12: =(I12+I13)/2*($A13-$A12) | Y12: =(J12+J13)/2*($A13-$A12) | Z12: =(K12+K13)/2*($A13-$A12) | AA12: =(L12+L13)/2*($A13-$A12) | AB12: =(M12+M13)/2*($A13-$A12) | ... AD12: =(O12+O13)/2*($A13-$A12)
A13: =处理栏!A15 | B13: =处理栏!B15 | C13: =处理栏!C15 | D13: =处理栏!D15 | E13: =处理栏!E15 | F13: =处理栏!F15 | G13: =处理栏!G15 | H13: =处理栏!H15 | I13: =处理栏!AB14 | J13: =处理栏!AC14 | K13: =处理栏!AD14 | L13: =处理栏!AE14 | M13: =处理栏!AF14 | N13: =处理栏!AG14 | O13: =处理栏!AH14 | Q13: =(B13+B14)/2*(A14-A13) | R13: =(C13+C14)/2*(A14-A13) | S13: =(D13+D14)/2*(A14-A13) | T13: =(E13+E14)/2*(A14-A13) | U13: =(F13+F14)/2*($A14-$A13) | V13: =(G13+G14)/2*($A14-$A13) | W13: =(H13+H14)/2*($A14-$A13) | X13: =(I13+I14)/2*($A14-$A13) | Y13: =(J13+J14)/2*($A14-$A13) | Z13: =(K13+K14)/2*($A14-$A13) | AA13: =(L13+L14)/2*($A14-$A13) | AB13: =(M13+M14)/2*($A14-$A13) | ... AD13: =(O13+O14)/2*($A14-$A13)
A14: =处理栏!A16 | B14: =处理栏!B16 | C14: =处理栏!C16 | D14: =处理栏!D16 | E14: =处理栏!E16 | F14: =处理栏!F16 | G14: =处理栏!G16 | H14: =处理栏!H16 | I14: =处理栏!AB15 | J14: =处理栏!AC15 | K14: =处理栏!AD15 | L14: =处理栏!AE15 | M14: =处理栏!AF15 | N14: =处理栏!AG15 | O14: =处理栏!AH15 | Q14: =(B14+B15)/2*(A15-A14) | R14: =(C14+C15)/2*(A15-A14) | S14: =(D14+D15)/2*(A15-A14) | T14: =(E14+E15)/2*(A15-A14) | U14: =(F14+F15)/2*($A15-$A14) | V14: =(G14+G15)/2*($A15-$A14) | W14: =(H14+H15)/2*($A15-$A14) | X14: =(I14+I15)/2*($A15-$A14) | Y14: =(J14+J15)/2*($A15-$A14) | Z14: =(K14+K15)/2*($A15-$A14) | AA14: =(L14+L15)/2*($A15-$A14) | AB14: =(M14+M15)/2*($A15-$A14) | ... AD14: =(O14+O15)/2*($A15-$A14)
... A3201: =处理栏!A3203 | B3201: =处理栏!B3203 | C3201: =处理栏!C3203 | D3201: =处理栏!D3203 | E3201: =处理栏!E3203 | F3201: =处理栏!F3203 | G3201: =处理栏!G3203 | H3201: =处理栏!H3203 | I3201: =处理栏!AB3202 | J3201: =处理栏!AC3202 | K3201: =处理栏!AD3202 | L3201: =处理栏!AE3202 | M3201: =处理栏!AF3202 | N3201: =处理栏!AG3202 | O3201: =处理栏!AH3202 | Q3201: =(B3201+B3202)/2*(A3202-A3201) | R3201: =(C3201+C3202)/2*(A3202-A3201) | S3201: =(D3201+D3202)/2*(A3202-A3201) | T3201: =(E3201+E3202)/2*(A3202-A3201) | U3201: =(F3201+F3202)/2*($A3202-$A3201) | V3201: =(G3201+G3202)/2*($A3202-$A3201) | W3201: =(H3201+H3202)/2*($A3202-$A3201) | X3201: =(I3201+I3202)/2*($A3202-$A3201) | Y3201: =(J3201+J3202)/2*($A3202-$A3201) | Z3201: =(K3201+K3202)/2*($A3202-$A3201) | AA3201: =(L3201+L3202)/2*($A3202-$A3201) | AB3201: =(M3201+M3202)/2*($A3202-$A3201) | ... AD3201: =(O3201+O3202)/2*($A3202-$A3201)
A3202: =处理栏!A3204 | B3202: =处理栏!B3204 | C3202: =处理栏!C3204 | D3202: =处理栏!D3204 | E3202: =处理栏!E3204 | F3202: =处理栏!F3204 | G3202: =处理栏!G3204 | H3202: =处理栏!H3204 | I3202: =处理栏!AB3203 | J3202: =处理栏!AC3203 | K3202: =处理栏!AD3203 | L3202: =处理栏!AE3203 | M3202: =处理栏!AF3203 | N3202: =处理栏!AG3203 | O3202: =处理栏!AH3203

Sheet 结果
D1: 比电容 | E1: 赝电容
A2: 2 | B2: =SUM(结果栏!Q2:Q3201) | C2: =SUM(结果栏!X2:X3201) | D2: =C2/B2*100 | E2: =100-D2
A3: 5 | B3: =SUM(结果栏!R2:R3201) | C3: =SUM(结果栏!Y2:Y3201) | D3: =C3/B3*100 | E3: =100-D3
A4: 10 | B4: =SUM(结果栏!S2:S3201) | C4: =SUM(结果栏!Z2:Z3201) | D4: =C4/B4*100 | E4: =100-D4
A5: 20 | B5: =SUM(结果栏!T2:T3201) | C5: =SUM(结果栏!AA2:AA3201) | D5: =C5/B5*100 | E5: =100-D5
A6: 50 | B6: =SUM(结果栏!U2:U3201) | C6: =SUM(结果栏!AB2:AB3201) | D6: =C6/B6*100 | E6: =100-D6
A7: 100 | B7: =SUM(结果栏!V2:V3201) | C7: =SUM(结果栏!AC2:AC3201) | D7: =C7/B7*100 | E7: =100-D7
A8: 200 | B8: =SUM(结果栏!W2:W3201) | C8: =SUM(结果栏!AD2:AD3201) | D8: =C8/B8*100 | E8: =100-D8
